js_divergence,prior_p_left,cue_reliability,sample_cost,information_gain_nats,P_AIF_SAMPLE,P_BRL_SAMPLE,AIF_SAMPLE_SCORE,BRL_SAMPLE_SCORE,P_AIF_SAFE,P_BRL_SAFE,P_AIF_COMMIT_L,P_BRL_COMMIT_L
0.2753824578809192,0.64,0.95,0.4,0.4625350350945677,0.9251540978847633,0.2340196686891252,1.0125350350945677,0.5499999999999999,0.022866661844659963,0.2340196686891254,0.04697802951023284,0.48077777929881865
0.2753482896126722,0.63,0.95,0.4,0.4669984470304527,0.9304657702006838,0.24193107616066442,1.0169984470304525,0.5499999999999998,0.02219124213686524,0.2419310761606649,0.04208526640059127,0.4588176600483707
0.2749914127433092,0.6499999999999999,0.95,0.4,0.4577256272817959,0.9190859479976757,0.22586428652841475,1.007725627281796,0.55,0.023607739970646403,0.22586428652841475,0.052539991533881086,0.5026702139537365
0.2749718250378005,0.62,0.95,0.4,0.4711190662029735,0.93510564049136,0.24954250889916677,1.0211190662029734,0.5499999999999999,0.021578705625865578,0.24954250889916696,0.03777724653118762,0.4368672079846665
0.2743312448899531,0.61,0.95,0.4,0.474899806015176,0.9391475329749432,0.25679797508645946,1.024899806015176,0.55,0.021026302118684437,0.25679797508645946,0.0339800686267801,0.4150046340721953
0.2740883384802293,0.6599999999999999,0.95,0.4,0.4525667158417378,0.9121647306607871,0.2175202237395698,1.0025667158417377,0.5499999999999999,0.02441717731057625,0.21752022373956997,0.05886736560960519,0.5244194435535345
0.27349937900082993,0.6,0.95,0.4,0.47834330338907805,0.9426554683234605,0.2636422395578627,1.0283433033890779,0.5499999999999999,0.020531379676805496,0.2636422395578629,0.03062921927850847,0.393308004313876
0.2725836348924652,0.6699999999999999,0.95,0.4,0.4470544715771948,0.9042809258880626,0.20904140284801964,0.9970544715771948,0.55,0.025297467659774624,0.20904140284801964,0.0660693070735687,0.5459526946175937
0.2725432688564815,0.59,0.95,0.4,0.4814519304579282,0.9456846562016606,0.27002159067826004,1.0314519304579282,0.55,0.02009143742250041,0.27002159067826004,0.027668476299943758,0.3718542294931909
0.2715238681770499,0.58,0.95,0.4,0.484227804858011,0.9482824086270669,0.2758846091353433,1.034227804858011,0.5499999999999999,0.019704162708523144,0.2758846091353435,0.025048900101004738,0.3507180749500581
0.27049584896194495,0.57,0.95,0.4,0.48667279873684577,0.9504889613910175,0.2811829219449622,1.0366727987368458,0.55,0.01936745651935888,0.2811829219449622,0.02272792076892884,0.32997121563965454
0.2704476541037175,0.6499999999999999,0.95,0.39,0.4577256272817959,0.9248393439119065,0.24015810858628595,1.0177256272817958,0.56,0.021929110964556835,0.22169387575329721,0.04880413397707412,0.49338879408508635
0.27041694379042097,0.64,0.95,0.39,0.4625350350945677,0.9305086413879258,0.248663820892424,1.0225350350945677,0.5599999999999999,0.021230760183259485,0.22954563782075543,0.04361717880770418,0.47158618169739347
0.2703863672065687,0.6799999999999999,0.95,0.4,0.44118472493270466,0.8953112078633291,0.20047977052622032,0.9911847249327046,0.5499999999999999,0.02625072418497862,0.20047977052622049,0.07426899550319142,0.5672007778060788
0.27000528740439184,0.6599999999999999,0.95,0.39,0.4525667158417378,0.918366548514483,0.23144386442254924,1.0125667158417377,0.5599999999999999,0.02269314450096794,0.2136496145193477,0.054710895415066865,0.515087792920845
0.2699997242737012,0.63,0.95,0.39,0.4669984470304527,0.9354668185054005,0.2569042547273111,1.0269984470304525,0.5599999999999998,0.020595201248968333,0.23715251699505743,0.03905840537410588,0.44975521396016876
0.2695074861834973,0.5599999999999999,0.95,0.4,0.4887885465773206,0.9523381982672701,0.28587192534780187,1.0387885465773206,0.5499999999999999,0.01907945018618205,0.28587192534780215,0.02066852164503958,0.30968135974061495
0.26927809702725747,0.62,0.95,0.39,0.4711190662029735,0.9397945720770969,0.26482219720513356,1.0311190662029734,0.5599999999999999,0.020019539695967377,0.24446169912608423,0.03504765761431624,0.42797237403569494
0.2689997632733172,0.6699999999999999,0.95,0.39,0.4470544715771948,0.9109850765407749,0.22257668900794395,1.0070544715771947,0.56,0.023525636539418075,0.20546417994784769,0.061441821985032175,0.5366100741845661
0.26860059922838264,0.55,0.95,0.4,0.49057645192211385,0.9538582775123807,0.2899114611574679,1.0405764519221137,0.5499999999999998,0.018838515839888256,0.2899114611574684,0.018838515839888256,0.2899114611574684
0.26832900217579836,0.61,0.95,0.39,0.474899806015176,0.9435620446108614,0.2723606885380312,1.0348998060151762,0.56,0.019500959599291705,0.25142060370257585,0.031515001626613096,0.4063144018276164
0.26781053232976126,0.54,0.95,0.4,0.4920376930693321,0.9550721629905297,0.2932664324108613,1.042037693069332,0.5499999999999999,0.018643272486193633,0.2932664324108616,0.017209909582145556,0.2707190376049578
0.26740611495613265,0.69,0.95,0.4,0.4349529447264585,0.8851178419142831,0.1918847648016131,0.9849529447264586,0.55,0.02727845599738983,0.1918847648016131,0.08360449052294336,0.5880988279501125
0.2673387610660164,0.6799999999999999,0.95,0.39,0.44118472493270466,0.9025759121601712,0.21361041021311133,1.0011847249327046,0.5599999999999999,0.024429098919373587,0.197187261426078,0.06911522230796899,0.5578855550400484
0.2672237296277412,0.6,0.95,0.39,0.47834330338907805,0.9468299060869099,0.2794637662864559,1.038343303389078,0.5599999999999999,0.01903678264805966,0.25797757088180207,0.02839954251800417,0.3848573116789735
0.26716615971089086,0.53,0.95,0.4,0.4931732277982822,0.95599806370808,0.295907345772784,1.043173227798282,0.5499999999999998,0.01849258914836423,0.29590734577278455,0.015758344984682537,0.2521556068097554
0.26668990409977883,0.52,0.95,0.4,0.49398379717346275,0.9566497860426477,0.2978107699572705,1.0439837971734627,0.5499999999999999,0.018385586169793484,0.2978107699572708,0.014462614323199454,0.23426624897407125
0.26639775979937313,0.51,0.95,0.4,0.49446992846493865,0.9570370028035832,0.29895970135781924,1.0444699284649386,0.5499999999999999,0.01832163548394451,0.2989597013578195,0.013304237964281469,0.2170892992648188
0.266299313720574,0.5,0.95,0.4,0.4946319372140726,0.9571654426831527,0.29934383005622583,1.0446319372140724,0.5499999999999999,0.018300360427878522,0.2993438300562261,0.012267098444484318,0.20065616994377403
0.2660275914780754,0.59,0.95,0.39,0.4814519304579282,0.9496503600932271,0.28607721891688626,1.0414519304579284,0.56,0.018624509552736833,0.2640825571110058,0.025648329202214135,0.3636754214744019
0.26543067489422123,0.6499999999999999,0.95,0.38,0.4577256272817959,0.9302147066600301,0.2550584770825746,1.027725627281796,0.5700000000000001,0.020360778111791593,0.2173464970690967,0.04531374502374573,0.48371352489174235
0.2654285617979881,0.6599999999999999,0.95,0.38,0.4525667158417378,0.9241668767581329,0.2459785927963505,1.0225667158417378,0.57,0.02108072110601268,0.20960913007005907,0.050823504325549,0.5053465901482717
0.2649993149678329,0.64,0.95,0.38,0.4625350350945677,0.935506820024632,0.26390862690564115,1.0325350350945677,0.57,0.01970373388663212,0.22488809727224343,0.04048000527038638,0.4620175757146099
0.26492937675404277,0.69,0.95,0.39,0.4349529447264585,0.8930053654281654,0.2045965209267477,0.9949529447264586,0.56,0.025405584990376883,0.1888663928813162,0.07786441394487413,0.5788479580830891
0.2649029810397073,0.6699999999999999,0.95,0.38,0.4470544715771948,0.9172626316983348,0.23672607761244557,1.017054471577195,0.5700000000000001,0.021866549778976698,0.20172465672377876,0.05710879094368444,0.5268435745679815
0.2647997180839065,0.58,0.95,0.39,0.484227804858011,0.9520680572253044,0.2921493328605696,1.044227804858011,0.5599999999999999,0.018261848131282406,0.26968782474954234,0.023215358920191276,0.34284041806488336
0.26422030663181306,0.63,0.95,0.38,0.4669984470304527,0.9401313240420205,0.2724710477048209,1.0369984470304525,0.5699999999999998,0.019106565046185478,0.2321845109747798,0.03623523527928708,0.44033348553444035
0.2637608651892236,0.6799999999999999,0.95,0.38,0.44118472493270466,0.9093875154943357,0.22735649891293452,1.0111847249327046,0.57,0.02272108876152214,0.19374042842976044,0.0642828909086904,0.5481337164812384
0.2635929467183458,0.57,0.95,0.39,0.48667279873684577,0.9541209080618795,0.29763161759255924,1.0466727987368458,0.56,0.017946731541559874,0.2747486114011876,0.021060684562792108,0.32242048226919784
0.26355528242182547,0.7,0.95,0.4,0.42835421422655373,0.873548537162134,0.1833028614759199,0.9783542142265537,0.5499999999999999,0.028381285892448833,0.18330286147592006,0.09422918758054334,0.6085869323722349
0.2635170131988291,0.61,0.94,0.4,0.44732031830776203,0.9195230512804281,0.24182897498632555,0.9873203183077619,0.5399999999999998,0.027807132891930795,0.261970201191778,0.04493839566502538,0.42336333628335443
0.2634598607832328,0.6,0.94,0.4,0.450610691185135,0.9239848120247112,0.24840762857354753,0.9906106911851349,0.5399999999999999,0.027216137962861715,0.2690967715455288,0.04060170678740926,0.40144520984715026
0.26330628032651954,0.62,0.94,0.4,0.44370810327158633,0.9144022123636141,0.2348627853758382,0.9837081032715862,0.5399999999999998,0.02846302013944693,0.25442381807576536,0.049829426633503815,0.44541278172558035
0.2632009717196239,0.59,0.94,0.4,0.45358138300590695,0.9278510196445692,0.25454577730093764,0.993581383005907,0.54,0.026688162543724414,0.2757461486813758,0.03675300961807381,0.3797376772578332
0.26317450684937027,0.62,0.95,0.38,0.4711190662029735,0.9441649352547611,0.2806875428459605,1.0411190662029735,0.57,0.018566304296111336,0.23918614627637272,0.03250351836333146,0.41873660873784624
0.262801283587745,0.58,0.94,0.4,0.4562343241904196,0.9311766887754352,0.2601925407430088,0.9962343241904195,0.5399999999999999,0.026221362722199076,0.28186321449239143,0.033333885080864906,0.35831837193031224
0.2627569019578548,0.63,0.94,0.4,0.4397716453719011,0.9085495165991014,0.2275633331342975,0.979771645371901,0.5399999999999999,0.02918562305989142,0.2465164158613931,0.055349976083685734,0.4675136691159197
0.26245377730894764,0.5599999999999999,0.95,0.39,0.4887885465773206,0.9558407941341409,0.30247949407135183,1.0487885465773206,0.5599999999999999,0.017677329390601723,0.27922376542402455,0.019149622319869285,0.30247949407135183
0.2623160693990221,0.57,0.94,0.4,0.4585712222968367,0.9340090360500656,0.2652999031380611,0.9985712222968366,0.5399999999999999,0.025813983323287857,0.28739595412488106,0.030292990053479577,0.3372622764446112
0.2619372473027006,0.61,0.95,0.38,0.474899806015176,0.9476741507899573,0.28850043231574346,1.044899806015176,0.5700000000000001,0.018080106984882854,0.2458438515119276,0.029218798087178102,0.3973019553649367
0.26190753797228494,0.69,0.95,0.38,0.4349529447264585,0.900412281493418,0.21792329896164706,1.0049529447264587,0.5700000000000001,0.023646832914953658,0.18570198568119434,0.07247409525396299,0.5691495113748649
0.261794600950528,0.5599999999999999,0.94,0.4,0.460593568822014,0.9363881391691116,0.26982346428796405,1.0005935688220138,0.5399999999999998,0.02546440306178845,0.29229626941840803,0.027585258522898025,0.31664076859059664
0.26179428527550513,0.64,0.94,0.4,0.4355082941837057,0.9018821922129023,0.21998542243128008,0.9755082941837057,0.54,0.029976614192618108,0.23830736319681847,0.06158495173997355,0.48958656129251865
0.26168023246013283,0.7,0.95,0.39,0.42835421422655373,0.8821245970131213,0.19558369046706292,0.9883542142265537,0.5599999999999999,0.026456439781544563,0.18054650175676995,0.08783847343406645,0.5994354958235353
0.26142237448317673,0.55,0.95,0.39,0.49057645192211385,0.9572541790316134,0.30665293310277486,1.0505764519221137,0.5599999999999998,0.0174520538460186,0.2830763352145794,0.0174520538460186,0.2830763352145794
0.26127990417991365,0.55,0.94,0.4,0.4623026450533397,0.9383475287167901,0.27372314786291313,1.0023026450533397,0.5399999999999999,0.025171168179702004,0.29652074620317453,0.025171168179702004,0.29652074620317453
0.26080858563230397,0.54,0.94,0.4,0.46369952703034606,0.939914704793958,0.27696385089812114,1.0036995270303462,0.54,0.02493301715601178,0.30003135789139007,0.023016075701452903,0.27696385089812114
0.26057796541381684,0.6,0.95,0.38,0.47834330338907805,0.9507163499908304,0.295853286353112,1.0483433033890779,0.57,0.017645297652871445,0.25210954041104655,0.026323690835785146,0.3761032388961889
0.2605325990737425,0.54,0.95,0.39,0.4920376930693321,0.9583826238313767,0.31011703170625377,1.052037693069332,0.5599999999999999,0.017269562385309474,0.28627410126094566,0.01594181533282295,0.264264302421122
0.2604107127660892,0.53,0.94,0.4,0.46478508966503024,0.9411115745335435,0.27951601974064955,1.0047850896650303,0.54,0.02474889856029407,0.3027960893930241,0.021089620191909398,0.25802580689952315
0.2603876960400857,0.6599999999999999,0.95,0.37,0.4525667158417378,0.9295866715671361,0.26111598815199927,1.0325667158417378,0.58,0.01957408155411122,0.20540111125028682,0.047191147472193225,0.49520147881108467
0.2603410008730168,0.6499999999999999,0.94,0.4,0.4309151381345521,0.8943067894153736,0.21218364151678976,0.970915138134552,0.5399999999999999,0.030837385724706498,0.229855794827318,0.0686298640580436,0.5115534790393629
0.26032034800164694,0.6699999999999999,0.95,0.37,0.4470544715771948,0.923134831910149,0.25148398467770844,1.0270544715771948,0.5800000000000001,0.0203145937417049,0.19782430895951966,0.05305555283423398,0.5166570500669423
0.26010973408759475,0.52,0.94,0.4,0.4655600100608818,0.9419548090740505,0.2813561395284086,1.0055600100608817,0.5399999999999999,0.024617983675030066,0.3047894673620765,0.019365191842060227,0.2397558867866443
0.25997213056491597,0.6499999999999999,0.95,0.37,0.4577256272817959,0.9352325550786582,0.2705541482985632,1.0377256272817958,0.5800000000000001,0.018896754771622084,0.21282543097878182,0.04205550115993024,0.47365170726732714
0.2599224280572071,0.51,0.94,0.4,0.4660247700624118,0.942456119999228,0.2824671263700362,1.0060247700624116,0.5399999999999999,0.0245396751275518,0.3059929850399688,0.017819461463972935,0.2221965114380776
0.2598588724111824,0.5,0.94,0.4,0.46617965805934075,0.9426224559180764,0.28283861366284935,1.0061796580593407,0.5399999999999999,0.024513612441436513,0.3063954124200789,0.01643196582024354,0.2053829869585359
0.25981205551423925,0.53,0.95,0.39,0.4931732277982822,0.959243211914623,0.3128425172515965,1.0531732277982822,0.5599999999999998,0.017128758427120087,0.28879004151969234,0.01459616510637303,0.24609064019630006
0.2596768843496978,0.6799999999999999,0.95,0.37,0.44118472493270466,0.9157673173696825,0.2417152694618041,1.0211847249327046,0.58,0.02112135285888701,0.19013996540386469,0.05975689087448603,0.5379472252288304
0.25928214431985647,0.52,0.95,0.39,0.49398379717346275,0.9598488883196815,0.3148061708928736,1.0539837971734627,0.5599999999999999,0.017028790776851353,0.2906027222945966,0.01339532126534443,0.2285961978587161
0.25924861708677255,0.7,0.95,0.38,0.42835421422655373,0.8901921338337861,0.20847727280253273,0.9983542142265537,0.57,0.02464572866902287,0.17765261315929284,0.08182670082719606,0.5898274473185372
0.2591630246445442,0.64,0.95,0.37,0.4625350350945677,0.9401686191489156,0.2797400667655455,1.0425350350945677,0.58,0.01827947709834997,0.22005133037439606,0.037553964824054535,0.4520807611675292
0.2591599807667099,0.59,0.95,0.38,0.4814519304579282,0.9533408036192068,0.30269165890258387,1.0514519304579282,0.5700000000000001,0.01725940146396582,0.2579368171057158,0.023768400951847984,0.35521195228072683
0.2589581112277703,0.51,0.95,0.39,0.49446992846493865,0.9602087183388778,0.31599116356569756,1.0544699284649386,0.5599999999999999,0.0169690525710075,0.2916966084012288,0.01232206118448993,0.21181521130821374
0.2588879294507648,0.62,0.94,0.39,0.44370810327158633,0.9204598234968653,0.24954250889916657,0.9937081032715862,0.5499999999999998,0.026448740186148487,0.24954250889916701,0.04630308211136652,0.4368672079846666
0.25884908667710654,0.5,0.95,0.39,0.4946319372140726,0.9603280692829977,0.31638729947609207,1.0546319372140727,0.5599999999999999,0.016949180205614492,0.2920622879355047,0.01136137525569385,0.19577520629420161
0.2587629625235341,0.61,0.94,0.39,0.44732031830776203,0.925247894805817,0.25679797508645913,0.9973203183077619,0.5499999999999998,0.025829032488910848,0.2567979750864596,0.041741638238737395,0.41500463407219546
0.2587519252042792,0.71,0.95,0.4,0.4213832042201118,0.8604369985623742,0.17477720466179028,0.9713832042201118,0.55,0.02955860090544473,0.17477720466179028,0.10631163824877059,0.6286106374105471
0.25870972358483146,0.63,0.94,0.39,0.4397716453719011,0.9149828039619861,0.2419310761606646,0.989771645371901,0.5499999999999999,0.027132495585583657,0.24193107616066484,0.051456259085885386,0.4588176600483706
0.25840501009565636,0.6,0.94,0.39,0.450610691185135,0.9294166251974773,0.2636422395578627,1.000610691185135,0.5499999999999999,0.025271355865545155,0.2636422395578629,0.03770043282310183,0.393308004313876
0.25836154658396443,0.69,0.95,0.37,0.4349529447264585,0.9073596326430446,0.23186509538370936,1.0149529447264585,0.5800000000000001,0.02199720327888693,0.18239154403767965,0.06741822092998717,0.5590034903889828
0.25831803667443987,0.6599999999999999,0.94,0.4,0.42598899163732,0.8857186222621685,0.20421165883839795,0.9659889916373199,0.5399999999999998,0.031768886058118194,0.2212198490880876,0.07659159807071887,0.5333388692201293
0.25815386534943885,0.64,0.94,0.39,0.4355082941837057,0.9087373940968343,0.23401966868912535,0.9855082941837057,0.55,0.027882236559018347,0.23401966868912535,0.05728219277387644,0.48077777929881854
0.25804499610084325,0.63,0.95,0.37,0.4669984470304527,0.9444786862800346,0.28861473726647935,1.0469984470304525,0.5799999999999998,0.017719142357261335,0.22703239344821632,0.03360401467822857,0.4305625931573808
0.25787931115668844,0.59,0.94,0.39,0.45358138300590695,0.9330265901832213,0.27002159067826004,1.003581383005907,0.55,0.024773700729966257,0.27002159067826004,0.034116551100586485,0.3718542294931909
0.25774038103917496,0.58,0.95,0.38,0.484227804858011,0.9555895795893832,0.30896380606943624,1.054227804858011,0.57,0.016920164425574702,0.2632815883574313,0.021509744649310283,0.3346964954946542
0.25750410326595397,0.71,0.95,0.39,0.4213832042201118,0.8697697264106351,0.1866173562344833,0.9813832042201118,0.56,0.027581985506060662,0.17226953205950948,0.09920246478117385,0.6195914425104624
0.2572456670232701,0.58,0.94,0.39,0.4562343241904196,0.9361301160830549,0.2758846091353433,1.0062343241904195,0.5499999999999999,0.024334129866933885,0.2758846091353435,0.030934741917150396,0.3507180749500581
0.25714244345559883,0.6499999999999999,0.94,0.39,0.4309151381345521,0.9016335358312197,0.2258642865284146,0.980915138134552,0.5499999999999999,0.028699710995338145,0.22586428652841478,0.06387238145603027,0.5026702139537365
0.2566972604357411,0.62,0.95,0.37,0.4711190662029735,0.9482355242952759,0.29711923793486167,1.0511190662029735,0.58,0.017212749945714385,0.23372227061842477,0.030133887984435365,0.4091711518784395
0.2565580853514039,0.57,0.94,0.39,0.4585712222968367,0.9387720145397006,0.28118292194496197,1.0085712222968366,0.5499999999999999,0.023950827522231512,0.28118292194496225,0.028106556466588505,0.32997121563965454
0.2563699879510002,0.57,0.95,0.38,0.48667279873684577,0.9574983419570058,0.31462137556591663,1.0566727987368458,0.5700000000000001,0.016625565475393,0.26810265106450154,0.019510281821759793,0.31462137556591635
0.2562777133587095,0.7,0.95,0.37,0.42835421422655373,0.8977715068885177,0.22198628341673476,1.0083542142265536,0.58,0.022944583037930615,0.17462059531021992,0.07617869842936732,0.579760793547791
0.2558645288921836,0.5599999999999999,0.94,0.39,0.460593568822014,0.9409902517428588,0.2858719253478017,1.0105935688220138,0.5499999999999998,0.023622135786740956,0.2858719253478022,0.025589554208638288,0.30968135974061506
0.2556924282740783,0.71,0.95,0.38,0.4213832042201118,0.8785664425382115,0.19906612123926387,0.9913832042201118,0.5700000000000001,0.025718894152226987,0.16963295880763346,0.09250159640561101,0.6101086384133917
0.2556463520576013,0.6699999999999999,0.94,0.4,0.42072638063080964,0.8760014368522768,0.19612157588630644,0.9607263806308095,0.5399999999999999,0.032771416462090995,0.21245596684966894,0.08558899280312328,0.5548704993789787
0.2555952220833893,0.6599999999999999,0.94,0.39,0.42598899163732,0.8935698575265495,0.21752022373956964,0.9759889916373199,0.5499999999999998,0.029586334504515165,0.21752022373957,0.0713296851708969,0.5244194435535346
0.2552818255287339,0.6699999999999999,0.95,0.36,0.4470544715771948,0.9286226901679933,0.2668402815940019,1.037054471577195,0.5900000000000001,0.018864214931762636,0.19376581353195696,0.049267603611180155,0.5060574918713729
0.2552067447060349,0.55,0.94,0.39,0.4623026450533397,0.9428165425295363,0.2899114611574681,1.0123026450533397,0.5499999999999999,0.0233465811690483,0.28991146115746835,0.0233465811690483,0.28991146115746835
0.2551932043684656,0.61,0.95,0.37,0.474899806015176,0.9515020458665877,0.3051954428907978,1.0548998060151762,0.5800000000000001,0.016757457595389474,0.2400752384484477,0.027081298265741786,0.3879794474568912
0.25511419552895587,0.6799999999999999,0.95,0.36,0.44118472493270466,0.9217365908166724,0.2566796141047372,1.0311847249327046,0.59,0.019624556997138227,0.18638765461860157,0.055522130555415376,0.5273311237120292
0.25509337913845354,0.5599999999999999,0.95,0.38,0.4887885465773206,0.9590970447358088,0.31962005436444907,1.0587885465773206,0.57,0.01637382283210779,0.2723622441557083,0.01773755052242332,0.2950464968168081
0.25491485585824264,0.6599999999999999,0.95,0.36,0.4525667158417378,0.934646505624032,0.2768429084516107,1.0425667158417378,0.59,0.018167506880193102,0.2010292113928172,0.04380003700379014,0.48466126672822574
0.2546201535139693,0.54,0.94,0.39,0.46369952703034606,0.9442768645013883,0.2932664324108615,1.0136995270303462,0.55,0.023122893689868192,0.2932664324108615,0.02134512114087772,0.2707190376049577
0.2543157876849139,0.69,0.95,0.36,0.4349529447264585,0.9138686897235134,0.2464177955552849,1.0249529447264587,0.5900000000000001,0.020451645377532145,0.17893604496029172,0.06268131129958725,0.5484128895171753
0.25418363294438834,0.63,0.94,0.38,0.4397716453719011,0.9210028772407848,0.25690425472731127,0.999771645371901,0.5599999999999999,0.025211241777249805,0.23715251699505738,0.04781263797408842,0.44975521396016865
0.2541337824170401,0.53,0.94,0.39,0.46478508966503024,0.9453918904938142,0.2959073457727844,1.0147850896650303,0.55,0.022950020348359412,0.2959073457727844,0.019556717296502636,0.2521556068097553
0.2541060428697979,0.6499999999999999,0.95,0.36,0.4577256272817959,0.9399129057203686,0.2866290088505302,1.047725627281796,0.5900000000000001,0.01753120085129967,0.20813537877419888,0.03901640502018936,0.4632138041292615
0.2540178136446942,0.64,0.94,0.38,0.4355082941837057,0.9151586989853467,0.2486638208924242,0.9955082941837057,0.56,0.025920421638797268,0.2295456378207554,0.05325177504863756,0.4715861816973934
0.25400782689867174,0.62,0.94,0.38,0.44370810327158633,0.9261233822860131,0.2648221972051334,1.0037081032715862,0.5599999999999998,0.024565490719921264,0.2444616991260843,0.04300612905964521,0.427972374035695
0.25394894635166343,0.55,0.95,0.38,0.49057645192211385,0.9604105249002225,0.32392016329821866,1.0605764519221137,0.5699999999999998,0.016163396456647973,0.27602655527549835,0.016163396456647973,0.27602655527549835
0.25377022739177457,0.52,0.94,0.39,0.4655600100608818,0.9461773396222625,0.2978107699572705,1.0155600100608817,0.5499999999999999,0.022827134399750485,0.2978107699572708,0.017956459907154464,0.23426624897407125
0.25360013035954476,0.6,0.95,0.37,0.47834330338907805,0.9543324177077255,0.3127867383728969,1.0583433033890781,0.58,0.01635061693856397,0.2460467629762557,0.02439225417062142,0.3670586377826658
0.25356431389189393,0.61,0.94,0.38,0.44732031830776203,0.9305962313910248,0.27236068853803086,1.007320318307762,0.5599999999999998,0.023981026214544288,0.25142060370257596,0.038755122603641744,0.40631440182761663
0.25354563483088133,0.51,0.94,0.39,0.4660247700624118,0.9466442480868574,0.29895970135781924,1.0160247700624117,0.5499999999999999,0.022753641536114696,0.2989597013578195,0.01652253489136962,0.2170892992648188
0.2534696940141531,0.5,0.94,0.39,0.46617965805934075,0.9467991612163131,0.29934383005622583,1.0161796580593407,0.5499999999999999,0.022729183766397997,0.2993438300562261,0.015235827508644407,0.20065616994377403
0.25343248339755253,0.6499999999999999,0.94,0.38,0.4309151381345521,0.908504348129474,0.2401581085862858,0.990915138134552,0.5599999999999999,0.0266950610475189,0.22169387575329727,0.05941095094985826,0.49338879408508646
0.25343103962111363,0.6699999999999999,0.94,0.39,0.42072638063080964,0.8844331471631496,0.20904140284801948,0.9707263806308095,0.5499999999999999,0.03054301088164784,0.2090414028480197,0.0797690738073235,0.5459526946175938
0.25333009307674204,0.71,0.95,0.37,0.4213832042201118,0.8868462659272602,0.2121287380171402,1.0013832042201118,0.5800000000000001,0.023965277558979377,0.16686637545717023,0.08619446930291919,0.600158234831017
0.2529689740756698,0.54,0.95,0.38,0.4920376930693321,0.9614590002849555,0.3274871890412769,1.062037693069332,0.57,0.015992988031594487,0.2790661741075279,0.014763388679530698,0.25761054704223785
0.25294363608548354,0.64,0.95,0.36,0.4625350350945677,0.9445134330407969,0.29613913101946415,1.0525350350945677,0.59,0.016952064544878888,0.21504114482962364,0.03482688438997794,0.4417876695928608
0.25292312843288567,0.72,0.95,0.4,0.41403414266091787,0.8456044908062675,0.16634732353172954,0.9640341426609178,0.5499999999999999,0.03080812962599955,0.16634732353172968,0.1200344282896581,0.6481213277158863
0.252922317529302,0.6,0.94,0.38,0.450610691185135,0.9344878174687036,0.2794637662864559,1.010610691185135,0.5599999999999999,0.023455688863119797,0.25797757088180207,0.034991775946191385,0.3848573116789735
0.25278848666656056,0.7,0.95,0.36,0.42835421422655373,0.9048836207310599,0.236109538376886,1.0183542142265538,0.59,0.021348310984331324,0.17145071393628952,0.0708788885709209,0.5692364167551374
0.25234675045552224,0.6599999999999999,0.94,0.38,0.42598899163732,0.9009420303010416,0.23144386442254908,0.9859889916373199,0.5599999999999998,0.027536956718653274,0.21364961451934775,0.06638884086862452,0.5150877929208451
0.25232111255355383,0.72,0.95,0.39,0.41403414266091787,0.8557628154756957,0.17773939945450576,0.9740341426609178,0.5599999999999999,0.028781134250078107,0.16407414503339832,0.1121368624832231,0.6392645848769026
0.25224877284906033,0.6799999999999999,0.94,0.4,0.4151235263510615,0.8650274390975574,0.18796334839876475,0.9551235263510616,0.54,0.03384438196750521,0.20361826451726447,0.09575310130267876,0.5760802584049807
0.2521797257493336,0.53,0.95,0.38,0.4931732277982822,0.9622584784728754,0.33029224563352816,1.063173227798282,0.5699999999999998,0.015861539519646542,0.2814564856603137,0.013516312385108904,0.23984139611969385
0.252145830006564,0.59,0.94,0.38,0.45358138300590695,0.9378557599624019,0.28607721891688626,1.013581383005907,0.56,0.02298737378004824,0.2640825571110058,0.03165655066167281,0.3636754214744019
0.2519791307948613,0.59,0.95,0.37,0.4814519304579282,0.9567730638487034,0.3198387290538006,1.0614519304579284,0.5800000000000001,0.015989796288038104,0.25159405532183604,0.02201999241433329,0.346477158925577
0.2516015273455157,0.52,0.95,0.38,0.49398379717346275,0.962821082496364,0.33231245938219545,1.0639837971734627,0.57,0.01576823108959096,0.28317799825862444,0.012403729894808063,0.2227557030712899
0.25154573809499575,0.57,0.9299999999999999,0.4,0.4322425397478491,0.9136736705455644,0.25000202505109126,0.962242539747849,0.5299999999999999,0.03376866006364292,0.2933800941674228,0.03962788968351193,0.34428472983807135
0.25151061738382297,0.63,0.95,0.36,0.4669984470304527,0.9485276486607762,0.30531352404709633,1.0569984470304525,0.5899999999999999,0.016426951376597314,0.22170312149237453,0.03115339919098894,0.42045573079251075
0.25149626391449176,0.5599999999999999,0.9299999999999999,0.4,0.4341736208382587,0.9166647774310206,0.25435504952653426,0.9641736208382585,0.5299999999999998,0.03335984310193149,0.29848841571104884,0.03613828661198803,0.32334864059056584
0.2514860839512707,0.58,0.9299999999999999,0.4,0.4300112511266123,0.9101217123788602,0.24509092194863866,0.9600112511266121,0.5299999999999998,0.03424321118282479,0.2876168612881333,0.04353165312044241,0.3656326905306485
0.2513804151202696,0.55,0.9299999999999999,0.4,0.435805661697667,0.9191334603963796,0.2581101989014887,0.9658056616976668,0.5299999999999998,0.03301579362687445,0.30289512432475596,0.03301579362687445,0.30289512432475596
0.2512932287028755,0.58,0.94,0.38,0.4562343241904196,0.9407497146237365,0.2921493328605696,1.0162343241904195,0.5599999999999999,0.022574084225263025,0.26968782474954234,0.028697285390649422,0.34284041806488336
0.2512688052716575,0.59,0.9299999999999999,0.4,0.42747839671262167,0.9059633401819296,0.23966572426621488,0.9574783967126217,0.53,0.034784492447850264,0.2812503328305289,0.04790269031826899,0.38731764206964986
0.251248840309883,0.51,0.95,0.38,0.49446992846493865,0.9631552984921888,0.333531272490485,1.0644699284649386,0.57,0.01571247898405832,0.284216602278764,0.01140960148431455,0.2063836120650806
0.2512348537739806,0.54,0.9299999999999999,0.4,0.4371396429729143,0.9211114483885825,0.2612325419840788,0.9671396429729143,0.53,0.03273562364960472,0.306559227875141,0.030218789300111057,0.28298983438720826
0.25115299507423366,0.72,0.95,0.38,0.41403414266091787,0.865359200522489,0.18973408455209764,0.9840341426609178,0.57,0.026866268487424124,0.16168072170626013,0.10467617532493366,0.6299393449413465
0.2511303178405648,0.5,0.95,0.38,0.4946319372140726,0.9632661495008873,0.33393866209120565,1.0646319372140725,0.57,0.015693933733573823,0.28456375679670753,0.010519958382769473,0.19074879055604338
0.251089885030355,0.53,0.9299999999999999,0.4,0.4381763622393591,0.9226241566522174,0.26369261737146954,0.968176362239359,0.5299999999999999,0.032518561718418944,0.3094461530857037,0.027710490394465107,0.2636926173714698
0.25096926048975543,0.52,0.9299999999999999,0.4,0.4389164368879077,0.9236910098853546,0.2654669497798258,0.9689164368879076,0.5299999999999999,0.032363981286527906,0.3115283514556629,0.0254584093750194,0.24505688076715754
0.25089003782572217,0.51,0.9299999999999999,0.4,0.4393603063439484,0.9243256979238174,0.26653846542961784,0.9693603063439483,0.5299999999999999,0.03227142119073001,0.31278578671913165,0.023433861422648094,0.22712909783643423
0.25086248720923465,0.5,0.9299999999999999,0.4,0.43950823363825375,0.9245363603454263,0.26689679624958146,0.9695082336382537,0.5299999999999999,0.03224059944551088,0.31320629183177034,0.02161152010453145,0.2099484559593241
0.25084011466448036,0.6,0.9299999999999999,0.4,0.424642422204636,0.9011453806878439,0.2337738694934715,0.9546424222046359,0.5299999999999999,0.03539346582080975,0.2743361772044098,0.05280084644660612,0.40926148461003037
0.25067795816377275,0.6699999999999999,0.94,0.38,0.42072638063080964,0.8923619633600417,0.22257668900794378,0.9807263806308095,0.5599999999999999,0.028447514522305598,0.2054641799478477,0.07429627335555838,0.5366100741845662
0.2505695443538637,0.6799999999999999,0.94,0.39,0.4151235263510615,0.8740981157463188,0.20047977052622043,0.9651235263510616,0.55,0.03156990896979493,0.20047977052622043,0.08931812359887367,0.5672007778060787
0.25043420624189433,0.71,0.95,0.36,0.4213832042201118,0.8946292473844067,0.22580685772651118,1.0113832042201119,0.5900000000000001,0.02231688908655829,0.16396943230274194,0.08026580983983905,0.5897389739990844
0.25041701330870636,0.57,0.94,0.38,0.4585712222968367,0.9432121207291607,0.2976316175925591,1.0185712222968366,0.5599999999999999,0.02221397113663141,0.2747486114011877,0.026068336616735237,0.32242048226919795
0.25038505781683473,0.58,0.95,0.37,0.484227804858011,0.9588635572435154,0.3262999209688886,1.064227804858011,0.58,0.015672794107496626,0.2566766088979424,0.019924026192317396,0.3262999209688886
0.25014150833063226,0.61,0.9299999999999999,0.4,0.4215015713682362,0.8956065575970436,0.22746547609316095,0.951501571368236,0.5299999999999998,0.036070978983813784,0.26693320897065265,0.05829338579777925,0.4313839261126779
0.25010305305870395,0.6799999999999999,0.95,0.35000000000000003,0.44118472493270466,0.9273164176906404,0.2722377820387896,1.0411847249327044,0.5999999999999999,0.018225414899126012,0.18248644258888205,0.05156365392622368,0.5162937482609538
0.24988419789247318,0.62,0.95,0.36,0.4711190662029735,0.9520244311299341,0.3140928272082278,1.0611190662029735,0.59,0.015952860706526635,0.22807820402900794,0.0279282345399704,0.3992902397105075
0.24981996088875508,0.6699999999999999,0.95,0.35000000000000003,0.4470544715771948,0.9337468579610722,0.2827800254561879,1.0470544715771948,0.6,0.017509955394347135,0.18955311968175126,0.04573068875321247,0.4950552141991794
0.24979781416378372,0.69,0.95,0.35000000000000003,0.4349529447264585,0.9199607524613848,0.2615728429996052,1.0349529447264585,0.6,0.019005101648745568,0.1753375201611685,0.058247865672168574,0.5373839356609283
0.24956363558746275,0.5599999999999999,0.94,0.38,0.460593568822014,0.9452788733264319,0.3024794940713516,1.0205935688220138,0.5599999999999998,0.021905361789609824,0.27922376542402466,0.02372979513942549,0.3024794940713519
0.24942749055088403,0.72,0.95,0.37,0.41403414266091787,0.8744108185219744,0.20233903857167346,0.9940341426609178,0.58,0.025060105716826497,0.15916552512189844,0.0976390160361793,0.6201396528566583
0.24941420472467196,0.64,0.94,0.37,0.4355082941837057,0.9211673902291843,0.2639086269056413,1.0055082941837057,0.5700000000000001,0.02408466701604912,0.22488809727224338,0.04948033978507073,0.4620175757146098
0.2492368109476938,0.6499999999999999,0.94,0.37,0.4309151381345521,0.9149405154895667,0.25505847708257456,1.000915138134552,0.57,0.024817224482860566,0.21734649706909678,0.05523174881819144,0.4837135248917426
0.24920876654346003,0.63,0.94,0.37,0.4397716453719011,0.9266308507211848,0.27247104770482106,1.009771645371901,0.57,0.023415123195022557,0.2321845109747797,0.04440633342593013,0.4403334855344402
0.24911048840394276,0.62,0.9299999999999999,0.4,0.4180538792678049,0.8892770114531195,0.22079255151572116,0.9480538792678049,0.53,0.03681766480106977,0.2591024594377181,0.06445567329235254,0.45360355049669887
0.24904450584872073,0.6599999999999999,0.95,0.35000000000000003,0.4525667158417378,0.9393664608319395,0.29314125729528023,1.0525667158417376,0.5999999999999999,0.016855414550124837,0.1964984610851177,0.04063671399043629,0.47373808214154334
0.24886656100719232,0.57,0.95,0.37,0.48667279873684577,0.9606374002234965,0.33212236874999523,1.0666727987368458,0.5800000000000001,0.015397645880166348,0.2612567085421658,0.018069304828057457,0.3065875875937703
0.2488053525104805,0.7,0.95,0.35000000000000003,0.42835421422655373,0.911549687662411,0.2508416409423647,1.0283542142265536,0.5999999999999999,0.019852151532230324,0.16814418030414144,0.06591146425488814,0.5582583384874449
0.24877339824583716,0.55,0.94,0.38,0.4623026450533397,0.9469799142835589,0.306652933102775,1.0223026450533397,0.5599999999999999,0.02164678019702041,0.28307633521457937,0.02164678019702041,0.28307633521457937
0.24869787429934964,0.62,0.94,0.37,0.44370810327158633,0.9314137230842167,0.28068754284596026,1.0137081032715862,0.5699999999999998,0.02280634389099321,0.23918614627637275,0.03992643908225777,0.4187366087378463
0.24859558321061526,0.6599999999999999,0.94,0.37,0.42598899163732,0.907856207461916,0.24597859279635034,0.9959889916373199,0.5699999999999998,0.025614896355385993,0.20960913007005913,0.061754946103107285,0.5053465901482718
0.24834325527521586,0.6799999999999999,0.94,0.38,0.4151235263510615,0.8826419101349854,0.2136104102131115,0.9751235263510616,0.56,0.029427551746900822,0.19718726142607798,0.0832569300930427,0.5578855550400483
0.2481355157718017,0.61,0.95,0.36,0.474899806015176,0.955063189893493,0.3224187674284165,1.064899806015176,0.5900000000000001,0.015526978473367585,0.23412407750263092,0.025092752454209433,0.3783619285890267
0.2480804032943768,0.54,0.94,0.38,0.46369952703034606,0.9483397399537363,0.31011703170625393,1.0236995270303462,0.56,0.021436961333061676,0.2862741012609456,0.019788809423407477,0.2642643024211219
0.24805226137212408,0.69,0.94,0.4,0.40917632712703805,0.8526578549380417,0.17978428493160065,0.9491763271270381,0.54,0.034985991624868006,0.19475799083759293,0.1072269634878504,0.5969048468434962
0.24795446456983655,0.61,0.94,0.37,0.44732031830776203,0.9355885461928746,0.2885004323157431,1.017320318307762,0.5699999999999998,0.022256035849699207,0.24584385151192775,0.03596740983098624,0.3973019553649369
0.24786845393390605,0.6499999999999999,0.95,0.35000000000000003,0.4577256272817959,0.9442751882959697,0.30326188235809,1.0577256272817959,0.6,0.016258447476888115,0.20328251894312963,0.036183840293559554,0.4524135659549799
0.2476814594047459,0.63,0.9299999999999999,0.4,0.4142971645568133,0.8820778735381568,0.21380819963711367,0.9442971645568132,0.5299999999999999,0.03763381674265036,0.25090624658134036,0.07137181386770294,0.4758388991396852
0.24751253373770582,0.53,0.94,0.38,0.46478508966503024,0.9493778257402092,0.31284251725159684,1.0247850896650303,0.56,0.02127486081913885,0.2887900415196922,0.01812924050814977,0.24609064019629992
0.24746617029039242,0.5599999999999999,0.95,0.37,0.4887885465773206,0.9621226980285335,0.3372622764446112,1.0687885465773206,0.58,0.015162626461418449,0.26529990313806134,0.01642547715764071,0.2873959541248808
0.24740697912567566,0.6699999999999999,0.94,0.37,0.42072638063080964,0.8998084229158498,0.23672607761244543,0.9907263806308095,0.57,0.026479499562480715,0.20172465672377882,0.0691564156253398,0.5268435745679816
0.2471959112891815,0.59,0.9299999999999999,0.39,0.42747839671262167,0.912561048865144,0.25454577730093764,0.9674783967126217,0.54,0.03234397671379091,0.2757461486813758,0.044541788341597104,0.3797376772578332
0.24716166469092307,0.58,0.9299999999999999,0.39,0.4300112511266123,0.9164545702950595,0.2601925407430086,0.9700112511266121,0.5399999999999998,0.03183042165651171,0.28186321449239155,0.04046439648521252,0.35831837193031235
0.2471574202780609,0.72,0.95,0.36,0.41403414266091787,0.8829362345954026,0.21555862134011103,1.0040341426609178,0.59,0.023358941448012302,0.1565276853190541,0.09101095120677208,0.6098621190856073
0.24709145550239095,0.52,0.94,0.38,0.4655600100608818,0.9501089691839458,0.3148061708928736,1.0255600100608817,0.5599999999999999,0.021159661335715504,0.2906027222945966,0.016644779137406533,0.2285961978587161
0.24705144821695232,0.6,0.9299999999999999,0.39,0.424642422204636,0.908046812792133,0.24840762857354753,0.9646424222046359,0.5399999999999999,0.03292250793338447,0.2690967715455288,0.04911461044331358,0.40144520984715026
0.2470464343886572,0.6,0.94,0.37,0.450610691185135,0.93921848812949,0.295853286353112,1.020610691185135,0.57,0.021761940695284223,0.25210954041104655,0.03246500059782963,0.3761032388961889
0.24702559144851358,0.71,0.95,0.35000000000000003,0.4213832042201118,0.9019360918232924,0.24009817260593783,1.0213832042201116,0.6,0.020769343559288198,0.16094261811428517,0.07469984611933238,0.578852613846964
0.2470019454341862,0.57,0.9299999999999999,0.39,0.4322425397478491,0.9197783161337778,0.2652999031380611,0.972242539747849,0.5399999999999999,0.03138067828589101,0.28739595412488106,0.03682556710758972,0.3372622764446112
0.2469333088647956,0.69,0.94,0.39,0.40917632712703805,0.8624276094913039,0.1918847648016131,0.9591763271270382,0.55,0.03266618997657716,0.1918847648016131,0.10011710965528013,0.5880988279501125
0.2468326292646264,0.51,0.94,0.38,0.4660247700624118,0.9505435537358724,0.31599116356569756,1.0260247700624117,0.5599999999999999,0.02109077671280828,0.2916966084012288,0.015315047201141952,0.21181521130821374
0.24676454173679488,0.5599999999999999,0.9299999999999999,0.39,0.4341736208382587,0.9225758281366048,0.26982346428796405,0.9741736208382585,0.5399999999999998,0.03099359605744047,0.29229626941840803,0.03357496178976682,0.31664076859059664
0.24674532435526375,0.5,0.94,0.38,0.46617965805934075,0.950687735360907,0.31638729947609207,1.0261796580593407,0.5599999999999999,0.021067854389973963,0.2920622879355047,0.014122205124559487,0.19577520629420161
0.2466700697858654,0.61,0.9299999999999999,0.39,0.4215015713682362,0.9028529904630462,0.24182897498632555,0.961501571368236,0.5399999999999998,0.03356712508647551,0.261970201191778,0.05424697160745996,0.42336333628335443
0.2464914253155583,0.55,0.9299999999999999,0.39,0.435805661697667,0.9248837540520127,0.2737231478629129,0.9758056616976668,0.5399999999999998,0.030668091974758675,0.2965207462031746,0.030668091974758675,0.2965207462031746
0.2463784660552049,0.64,0.95,0.35000000000000003,0.4625350350945677,0.9485599994787534,0.31308166929669945,1.0625350350945677,0.5999999999999999,0.01571577152477162,0.2098649189758787,0.03228700295138234,0.4311534592931337
0.24632948736695742,0.6,0.95,0.36,0.47834330338907805,0.9576949714990592,0.3302348507208577,1.068343303389078,0.59,0.015146703216450511,0.239799718859125,0.02259622594614333,0.3577391430814756
0.24622040566498646,0.55,0.95,0.37,0.49057645192211385,0.9633427316021796,0.3416805429747613,1.0705764519221137,0.5799999999999998,0.014966249505415957,0.2687754346882955,0.014966249505415957,0.2687754346882955
0.2462184746200628,0.54,0.9299999999999999,0.39,0.4371396429729143,0.9267323022882862,0.27696385089812114,0.9771396429729143,0.54,0.030403191958420214,0.30003135789139007,0.028065683479148413,0.27696385089812114
0.2460625198155338,0.73,0.95,0.39,0.40630078040538664,0.8399140956345286,0.16898790612534847,0.9663007804053867,0.56,0.030050923008389074,0.15599549848595945,0.12683580503839317,0.6584095479299807
0.2460362195133376,0.59,0.94,0.37,0.45358138300590695,0.9423582309495988,0.30269165890258387,1.023581383005907,0.5700000000000001,0.021321893866641965,0.2579368171057158,0.029362972031977186,0.35521195228072683
0.24600893774053068,0.73,0.95,0.4,0.40630078040538664,0.8288627970516514,0.15804893467219172,0.9563007804053867,0.55,0.03212544496066904,0.15804893467219172,0.13559173116464873,0.6670764774516807
